Name,Content,Time,Number of Message,Views,Likes
@NBA,布魯森不得不提醒大家，哈特僅僅只有 1 個大學全國冠軍   ,2025-05-08T03:26:10.000Z,12,20K,179
@JDotScott35,Wow,No time found,Read more,44K,5
@NBAonTNT,如果紐約進入 ECF，查克就準備好去吃街頭肉了     ,2025-05-08T03:12:01.000Z,17,46K,215
@NBA,Brunson & Hart 在贏得第二場比賽後成為了一個喜劇節目   ,2025-05-08T03:31:34.000Z,9,5.6K,62
@Rainmaker1973,如何無縫修復汽車皮革座椅,2025-05-06T15:43:53.000Z,30,2.9M,2.9K
@NBAonTNT,EJ 適合另一個季後賽之夜的行動   ,2025-05-07T22:36:50.000Z,40,109K,1.3K
@TWTOPTOON,"✧･ﾟ: *✧･ﾟ:* 班長對我感興趣嗎...? *:･ﾟ✧*:･ﾟ✧

《青春戀愛紀錄》
立即觀看https://toptoon.net/partner/?p_id=twi32&url=contents_80758&twclid=24qi3zg1x9d85e8qjwek07nlzp…

#頂通 #青春戀愛紀錄 #網漫 #為你量身打造的娛樂",No time found,240,34M,5.5K
@Arcfunmi,喷膠絕緣材料及建築密封,2025-05-07T14:44:45.000Z,11,594K,199
@Sir_Karar,تكنولوجية,2025-05-06T15:55:17.000Z,99,1.1M,1.3K
@Football__Tweet,"這一刻將永載史冊。   

  @alexaljoe",2025-05-06T21:29:56.000Z,64,1.1M,28K
@ClownWorld_,沒有任何辦法   ,2025-05-07T16:39:17.000Z,466,1M,5.8K
@barstoolsports,線索取得第二場比賽，洞穴內溫度升高,2025-05-08T01:30:22.000Z,128,514K,3.3K
@sny_knicks,"他贏了+19，他們的所有先發球員都在負數

Joe Mazzulla 被問及關於在比賽後期對 Mitchell Robinson 運用犯規並讓他離場",2025-05-08T01:58:58.000Z,24,145K,999
@NBAonTNT,"查克·雷茨 #MetGala 看起來   

我們需要沙奎尔和查克來年走上紅毯  ",2025-05-06T20:52:02.000Z,20,124K,1.2K
@Nike,5 月 5 日 - 11 日，特惠商品選購 2 件以上可享額外 8 折優惠。使用優惠碼 GEARUP,No time found,手刀開搶,349K,30
@dzakyhamdani,安全網路   ,2025-05-07T07:37:47.000Z,77,1.9M,735
@AKRileyy5,兩年後，亞倫·奈史密斯幫公牛隊贏得主場的比賽2,2025-05-07T03:26:20.000Z,7,39K,794
@ESPNNBA,哈利伯特在比賽 2   ,2025-05-07T02:15:10.000Z,89,356K,16K
@TyreseHaliburn,我停不下來搖晃,2025-05-07T01:50:29.000Z,361,1.6M,40K
@interstellargw,從星基地帶帶來的愛…,2025-05-08T00:25:56.000Z,從星基地帶帶來的愛…,5K,133
@Pacers,克里夫蘭第二場比賽結局太精彩了   ,2025-05-07T15:00:03.000Z,28,65K,1.7K
@_LewisLFC,看湯恩看啊老兄他是右後衛我們該怎麼取代他   ,2025-05-07T06:51:52.000Z,150,3.7M,13K
@CNN,美聯儲再次維持利率不變，因為美國經濟在川普的關稅影響下放緩,2025-05-07T18:10:15.000Z,107,154K,269
@warriors,飛行模式：   ,2025-05-07T03:44:55.000Z,68,120K,1K
@TansuYegen,荔枝開技,2025-05-06T10:48:26.000Z,37,1.9M,1.8K
@NBAonTNT,米切尔平息了上半場針對泰瑞斯·哈爾伯特頓的「過度評價」的呼聲   ,2025-05-07T00:34:20.000Z,102,569K,2.4K
@NBAonTNT,"米卡爾·布里奇斯在第四節表現出色   

他得到13分，該節表現出色  ",2025-05-08T01:07:44.000Z,20,37K,122
@thegr8vhiz,謝謝安拉，在巴黎安全降落。    8 點前來到王子公園見我這些剛毅的士兵們。,2025-05-07T10:07:20.000Z,245,274K,9.6K
@outtoftime,No content found,2025-05-06T04:55:14.000Z,3,534K,7.6K
@EllieGabalus,更新：他輸了七十分,2025-05-07T02:23:21.000Z,135,2.3M,80K
@NBCSWarriors,"已經為史蒂夫完成  

(  丰田北加州经销商)",2025-05-07T04:20:43.000Z,5,22K,1.5K
@kateinwords,歡迎來到大學。這裡每個人都比你好，除了你小組專案裡的3個人。,2025-05-07T08:13:48.000Z,219,4.4M,330K
@joelvmoran,"基恩·普里查德過去三年來一直是籃球界最出色的球隊總經理之一

交易對象：
- 巴斯卡·西卡姆
- 奧比·托平
- 艾倫·奈史密斯
- 泰瑞斯·哈爾伯特

榜選：
- 安德魯·內布拉德
- 弗蘭西絲·瑪修林
- 詹克·華克
- 艾薩亞·傑克遜
- 本·希普爾

建立了一支有竞争力的隊伍",2025-05-07T17:06:45.000Z,56,106K,2.1K
@ESPNFC,"   英格蘭足總盃
   卡拉巴奧盃
   英格蘭超級聯賽
   欧洲冠軍聯賽

阿森納將連續第五年未獲得任何主要冠軍   ",2025-05-07T20:57:01.000Z,2.5K,2.2M,71K
@BleacherReport,"尼克斯隊領先   

他們再次從20分落後中反彈回來。",2025-05-08T01:17:15.000Z,137,514K,11K
@warriors,DUBS WIN,2025-05-07T04:14:04.000Z,145,211K,11K
@NBAonTNT,"塔图无法出手   

火腿勝出第二場比賽  ",2025-05-08T01:25:58.000Z,130,276K,2.6K
@NBAonTNT,"SHAQ & CHUCK 摔角比賽   

他們感覺受到賽娜的啟發  ",2025-05-07T05:18:45.000Z,84,422K,6.4K
@nahitsjaycee,阿當·西爾維爾，如果你能聽到我,2025-05-07T02:30:17.000Z,90,1.4M,25K
@NoLieWithBTC,"天哪。

JD Vance 的弟弟在辛辛那提市長選舉中遭遇絕對的慘敗，這是因為 JD 支持了他。",2025-05-07T01:31:01.000Z,958,873K,27K
@IfindRetards,找到了一個,2025-05-07T12:19:13.000Z,1.2K,256K,25K
@Supermicro_SMCI,不要讓您的基礎設施拖慢您的 AI。Supermicro 配備 AMD 提供強大、可擴展的解決方案，即裝即用。下載電子書，了解如何更快地推進。,No time found,From supermicro.com,5.2M,1.1K
@AnnieForTruth,No content found,2025-05-07T11:27:10.000Z,812,450K,30K
@ConorDaly22,"絕對難以置信！
@TyHaliburton22
 #YesCers",2025-05-07T01:48:05.000Z,8,12K,762
@paulpierce34,,2025-05-08T02:04:06.000Z,1K,618K,13K
@NBAonTNT,"""你說你想抽煙...而且半場時你還有 1 分""   

Chuck 對 Ant 在第一場比賽中的表現有想法。",2025-05-07T04:39:41.000Z,48,374K,5.7K
@NBA,"朋友    水桶   

他今晚的第四次三倍得分... 勇士队在第一场比赛中寻求胜利！

   GSW/MIN 在 TNT",2025-05-07T03:59:45.000Z,35,176K,535
@NBA," Pace 球運動一直是美麗的   

他們在季後賽中所有球隊中以 30.0 APG 領先，今晚尋求 2-0 的系列領先！

   IND-CLE | 7pm/et on TNT",2025-05-06T16:20:00.000Z,50,117K,298
@gorgeous4ew,一個女孩進行增長 8 公分的程序   ！,2025-05-06T15:47:03.000Z,136,2.1M,1.4K
@BleacherReport,"史密斯回歸勝利後，成為每位尼克斯球迷的夢想     

(透過 
@TheRealJRSmith
)",2025-05-08T02:38:14.000Z,57,251K,3K
@NBAonTNT,EJ 適合另一個季後賽之夜的行動   ,2025-05-07T22:36:50.000Z,41,110K,1.4K
@Readmoo,"免費領取《努力是癮》試讀本
什麼時候開始，我們錯把生存當生活？

我們活在一個殘酷的資本主義社會，每個人都被推著往前跑。
為了生存，你拚命工作，卻忽略了內心的渴望。

我們都是演員，在人際關係的舞台上，
戴著虛偽的面具，演繹著一場又一場的悲喜劇。

人際關係的真相，你敢直視嗎？",No time found,19,3.8M,1.2K
@Rainmaker1973,"如何用镊子開啟威士忌瓶

[  gregsomm]",2025-05-07T05:20:00.000Z,83,1.1M,394
@NBAonTNT,"""這將會是一項非常引人入勝的人類行為研究。""   

Chuck 正在深入閱讀印第安那溜馬對陣克里夫蘭騎士的第二場比賽  ",2025-05-06T22:46:40.000Z,25,281K,2.5K
@espn,"米科·拉坦恩的帽子戲法   

只有第二節",2025-05-08T03:27:36.000Z,44,68K,659
@libsoftiktok,Meanwhile at MSNBC…,2025-05-07T13:27:10.000Z,1.2K,340K,3K
@hen_ease,比賽結束後的反應,2025-05-08T01:35:25.000Z,215,391K,1.6K
@NASASpaceflight,即將前往 B 區！,2025-05-07T03:10:56.000Z,11,38K,925
@redpilldispensr,"""現在母親不再需要懷抱孩子九個月了。現在可以在袋子裡養育。""

""他們已經做了這件事相當長時間了。現在才開始找到消費者。""  ",2025-05-07T11:04:08.000Z,1.7K,1.9M,3.7K
@gunsnrosesgirl3,動態 LED 燈飾車用,2025-05-07T11:13:47.000Z,3.7K,953K,952K
@NBA,"唐納·米契爾在第二場比賽中表現驚人   

   48 分
   9 助攻
   4 抄截

將所有都留在了地上。",2025-05-07T03:26:21.000Z,56,115K,422
@TheDunkCentral,"""我從未見過一場比賽一號種子球隊意外落敗得這麼沒意義。這是尼克斯隊唯一能贏得比賽。""   

- 科林·考赫德

(   
@TheHerd
 )",2025-05-06T19:12:58.000Z,533,1.4M,6.9K
@NBAonTNT,"戈伯特強行衝入，獲得籃球   

狼隊打算在這場比賽中發力追趕",2025-05-07T03:49:10.000Z,31,58K,145
@Rainmaker1973,"古代具象藝術

[   古國卡拉美卡]",2025-05-07T04:42:21.000Z,43,2.2M,5K
@NBAonTNT,"湯瑪斯投出一球   

NYK-BOS 比賽第二節現正進行中，TNT 直播！",2025-05-08T00:27:00.000Z,23,31K,98
@NBA,"湯瑪斯讓比賽持續，普里查德射進深空三分   

波士頓在第四節領先，TNT 目標是追平系列比分至 1-1！",2025-05-08T00:58:40.000Z,25,114K,208
@videonet_,跑步或步行時如何治療疲勞   ,2025-05-06T04:27:24.000Z,20,180K,5.8K
@PardonMyTake,No content found,2025-05-08T01:37:25.000Z,13,111K,1.5K
@RockstarGames,"觀看古爾工藝六預告片 2

探索維斯市及更遠的地方於 http://rockstargames.com/VI",2025-05-06T13:29:22.000Z,25K,105M,845K
@NBATV,塔图姆反超奪回波士頓領先   ,2025-05-08T01:24:53.000Z,15,31K,152
@ComplexSports,WHAT THE HELLYBURTON,2025-05-07T02:03:53.000Z,65,1M,26K
@IdemoooNole,「世界最佳中場」剛剛做了什麼       ,2025-05-07T02:19:38.000Z,86,1.3M,3.7K
@BalkanEmpire08,"Thierry Henry 為全世界觀看足球的人發聲！

#Chelsea #London #EPL #UCL #足球",2025-05-07T02:24:22.000Z,61,570K,7.7K
@NBAonTNT,"盧克·科內特與 HAMMER    

布萊恩特在第三節大領先  ",2025-05-08T00:37:17.000Z,18,63K,121
@NBA,"俄羅斯第一個出局   

   丹麥 (1-0) 比賽 | 晚上 9:30(美國東部時間)在 TNT 播出",2025-05-07T23:21:57.000Z,42,90K,517
@NBAonTNT,"這張來自 OG 的海報太惡心了   

但德里克·懷特犧牲自己的身體來引開衝擊！",2025-05-08T00:48:16.000Z,19,46K,192
@warriors,"朋友  德雷蒙德  库明加  

  @NBAonTNT",2025-05-07T03:34:20.000Z,34,218K,2.2K
@M_B_H_N,       看巴基斯坦如何擊落印度戰鬥機,2025-05-07T02:33:06.000Z,474,1.5M,9.2K
@rehaaa__,你會為何主張到最後一口氣？   ,2025-05-06T12:13:24.000Z,162,18M,955
@mollyhannahm,刚在抖音上發現這些人模仿第一時間，現在這是我最喜歡的帳號了,2025-05-06T23:37:38.000Z,717,3.9M,99K
@TyreseHaliburn,好早啊，獲勝者們。,2025-05-07T11:43:19.000Z,29,81K,2.1K
@lulljay24,順便說，比克利夫蘭少休息一天   ,2025-05-06T20:06:56.000Z,39,33K,244
@SpaceX,"部署了 28 
@Starlink
 卫星已確認",2025-05-07T02:22:46.000Z,235,507K,4.5K
@stoolpresidente,Mo Kahn 是一個反猶太的懦夫和謊言者。結束話題。,2025-05-07T02:51:30.000Z,4K,5.1M,24K
@NBA,"30 年前今天……

另一次經典的 @派克人最後一分鐘逆轉！",2025-05-07T16:05:19.000Z,55,192K,690
@LocalGuideHub,你可能會驚訝！在台灣小型住宅中，摺疊床如何成為節省空間的祕密武器 ,No time found,4,130K,62
@warriors,一起。,2025-05-07T01:36:17.000Z,26,59K,2K
@NBAonTNT,"""我知道這是一個三分球射籃聯賽，但如果你不進球，你就必須有一個計劃 B""   

查克想看塞爾提克人執行均衡的攻擊",2025-05-07T22:47:17.000Z,12,33K,100
@NBAonTNT,"""最近三場比賽，如果你不喜歡籃球，那就有點怪了""   

查克和我們其他人一樣，對這些第一輪比賽充滿了熱情",2025-05-07T05:01:33.000Z,22,127K,2.2K
@puierq,雷法·阿克哈塔尼      我們從來沒有飯過，她都認得自己,2025-05-06T21:07:55.000Z,370,1.8M,5.1K
@okcthunder,搶劫與扣籃   ,2025-05-08T02:33:42.000Z,15,26K,420
@BrandonRahbar,艾倫·韋金斯在籃球季後賽中救球。,2025-05-08T02:30:23.000Z,4,27K,466
@DschlopesIsBack,"我們確實沒有得到全部的真相。

它在記憶中被迅速抹除。",2025-05-07T01:53:46.000Z,475,2.3M,20K
@CNN,西斯廷教堂的大門被猛地關閉，樞機們開始選舉新教宗。請跟進即時更新。,2025-05-07T15:49:48.000Z,156,162K,556
@dbcxptures,移除目標是歐洲足協有史以來所做最偉大的事情。,2025-05-06T20:56:56.000Z,135,1.8M,56K
@ESPNNBA,"""吉米·巴特勒在經驗方面佔有優勢。... 他知道在季後賽中贏得勝利需要什麼。""
@andraya_carter
 在如何沒有斯蒂芬·库里的情況下贏得比賽   ",2025-05-07T19:25:50.000Z,22,76K,1K
@scrowder,"麥克西恩·沃特斯已經焦慮到忘記她甚至見過財政部長。

麥克西恩·沃特斯：這是我們第一次見面，對吧？

史考特·貝森特：其實我們在巴哈馬的新年前夕見過面。你在電子滑步舞上的表現也不比我好多少。",2025-05-07T14:38:54.000Z,342,1.1M,22K
@NBA,"全部。傑倫·布朗的...努力導致了三分球！  

NYK 在 TNT 的 Game 2 中以 1-0 領先",2025-05-07T23:53:51.000Z,36,223K,215
@toomicstc_pr,"為了確認我是不是半龍者
她居然要這樣犧牲自己？
https://toomics.com/i/PtlNP?twclid=223xayhmgu2lae8oe7u2k1u2th

#韓漫 #人氣漫畫 #webtoon #浪漫愛情 #異世界 #Toomics #玩漫 #Manga",No time found,1,396K,244
@warriors, GPII 從未放棄   ,2025-05-07T02:13:30.000Z,22,247K,3.7K
@NBAonTNT,"""那史蒂夫是我們最好的球員，有了他，比賽就簡單多了。""

吉米告訴 
@laurenjbara
 他從 
@warriors
's 比賽 1 勝利中學到了什麼   ",2025-05-07T04:20:35.000Z,28,173K,4.6K
@ClutchPoints,"""吉米把他們換掉了，那就是發生了什麼。""

巴迪·海爾德說吉米·巴特勒為他的服裝失誤負責   

(via 
@NBCSWarriors
)",2025-05-07T05:40:23.000Z,8,35K,316
